{"cameraMode":{"drawMode":0,"name":"Shaded","section":"Shading Mode"},"sceneLighting":true,"audioPlay":false,"sceneViewState":{"m_AlwaysRefresh":false,"showFog":true,"showSkybox":true,"showFlares":true,"showImageEffects":true,"showParticleSystems":true,"showVisualEffectGraphs":true,"m_FxEnabled":true},"in2DMode":false,"pivot":{"x":3.7070159912109377,"y":6.978020191192627,"z":1.112605094909668},"rotation":{"x":-0.009720029309391976,"y":-0.30728718638420107,"z":-0.0030652936547994615,"w":0.9516619443893433},"size":3.451803684234619,"orthographic":false}