{"cameraMode":{"drawMode":0,"name":"Shaded","section":"Shading Mode"},"sceneLighting":true,"audioPlay":false,"sceneViewState":{"m_AlwaysRefresh":false,"showFog":true,"showSkybox":true,"showFlares":true,"showImageEffects":true,"showParticleSystems":true,"showVisualEffectGraphs":true,"m_FxEnabled":true},"in2DMode":false,"pivot":{"x":12.254841804504395,"y":3.8734641075134279,"z":2.848050117492676},"rotation":{"x":-0.04581034928560257,"y":0.4462984800338745,"z":-0.023076515644788743,"w":-0.8935367465019226},"size":1.8136118650436402,"orthographic":false}