{"cameraMode":{"drawMode":0,"name":"Shaded","section":"Shading Mode"},"sceneLighting":true,"audioPlay":false,"sceneViewState":{"m_AlwaysRefresh":false,"showFog":true,"showSkybox":true,"showFlares":true,"showImageEffects":true,"showParticleSystems":true,"showVisualEffectGraphs":true,"m_FxEnabled":true},"in2DMode":false,"pivot":{"x":1.2396011352539063,"y":12.208709716796875,"z":226.75782775878907},"rotation":{"x":0.11288478225469589,"y":0.7973708510398865,"z":-0.1574876755475998,"w":0.5715384483337402},"size":23.740201950073243,"orthographic":false}