{"cameraMode":{"drawMode":0,"name":"Shaded","section":"Shading Mode"},"sceneLighting":true,"audioPlay":false,"sceneViewState":{"m_AlwaysRefresh":false,"showFog":true,"showSkybox":true,"showFlares":true,"showImageEffects":true,"showParticleSystems":true,"showVisualEffectGraphs":true,"m_FxEnabled":true},"in2DMode":false,"pivot":{"x":-2.0201644897460939,"y":16.436609268188478,"z":29.830217361450197},"rotation":{"x":0.07686567306518555,"y":-0.11076787859201431,"z":0.008490541949868203,"w":0.9909332990646362},"size":4.810401916503906,"orthographic":false}