{"cameraMode":{"drawMode":0,"name":"Shaded","section":"Shading Mode"},"sceneLighting":true,"audioPlay":false,"sceneViewState":{"m_AlwaysRefresh":false,"showFog":true,"showSkybox":true,"showFlares":true,"showImageEffects":true,"showParticleSystems":true,"showVisualEffectGraphs":true,"m_FxEnabled":true},"in2DMode":false,"pivot":{"x":-0.0034955888986587526,"y":16.338157653808595,"z":1.2758302688598633},"rotation":{"x":-0.510516881942749,"y":-0.008514702320098877,"z":0.005056643392890692,"w":-0.8598200678825378},"size":4.298962116241455,"orthographic":false}